epoch,time,train/box_loss,train/cls_loss,train/dfl_loss,metrics/precision(B),metrics/recall(B),metrics/mAP50(B),metrics/mAP50-95(B),val/box_loss,val/cls_loss,val/dfl_loss,lr/pg0,lr/pg1,lr/pg2,lr/pg3,lr/pg4,lr/pg5,lr/pg6,lr/pg7
1,240.03,1.66365,7.26291,1.34191,0.64205,0.35884,0.39802,0.24998,1.26397,4.8699,1.06865,0.00998845,0.00332948,0.00998845,0.00332948,0.00998845,0.00332948,0.00998845,0.00332948
2,435.14,1.58744,5.48716,1.24512,0.33081,0.45331,0.3578,0.21352,1.34736,4.80575,1.10431,0.0199863,0.00666209,0.0199863,0.00666209,0.0199863,0.00666209,0.0199863,0.00666209
3,618.063,1.64513,5.76029,1.29586,0.41016,0.31805,0.28073,0.16426,1.46985,6.38049,1.27567,0.0299754,0.00999181,0.0299754,0.00999181,0.0299754,0.00999181,0.0299754,0.00999181
4,796.152,1.68863,5.80474,1.33642,0.45558,0.47538,0.41137,0.22327,1.44498,4.82112,1.2269,0.0299707,0.00999023,0.0299707,0.00999023,0.0299707,0.00999023,0.0299707,0.00999023
5,972.943,1.65756,5.46597,1.33134,0.40374,0.53797,0.4617,0.25415,1.48164,4.38002,1.19471,0.0299479,0.00998264,0.0299479,0.00998264,0.0299479,0.00998264,0.0299479,0.00998264
6,1151.4,1.62018,5.20148,1.31182,0.43203,0.56915,0.45481,0.25592,1.42268,4.1772,1.17944,0.0299187,0.00997288,0.0299187,0.00997288,0.0299187,0.00997288,0.0299187,0.00997288
7,1329.26,1.60638,4.97723,1.29632,0.59133,0.54587,0.55134,0.30388,1.28131,3.91204,1.15179,0.0298829,0.00996097,0.0298829,0.00996097,0.0298829,0.00996097,0.0298829,0.00996097
8,1506.48,1.60265,4.89787,1.29085,0.4848,0.5863,0.51667,0.28288,1.35764,3.7724,1.1281,0.0298407,0.0099469,0.0298407,0.0099469,0.0298407,0.0099469,0.0298407,0.0099469
9,1683.74,1.57756,4.73024,1.27935,0.52324,0.62432,0.52561,0.31183,1.28208,3.67548,1.12176,0.029792,0.00993068,0.029792,0.00993068,0.029792,0.00993068,0.029792,0.00993068
10,1861.02,1.55101,4.61758,1.2669,0.53587,0.52215,0.50493,0.28817,1.38666,3.79978,1.14689,0.029737,0.00991232,0.029737,0.00991232,0.029737,0.00991232,0.029737,0.00991232
11,2038.51,1.52874,4.52988,1.25142,0.5498,0.60547,0.57508,0.32431,1.35075,3.67037,1.11796,0.0296755,0.00989183,0.0296755,0.00989183,0.0296755,0.00989183,0.0296755,0.00989183
12,2215.9,1.52021,4.4986,1.25356,0.65466,0.60159,0.6091,0.34596,1.26849,3.38936,1.10007,0.0296076,0.00986922,0.0296076,0.00986922,0.0296076,0.00986922,0.0296076,0.00986922
13,2393.27,1.50224,4.37771,1.23434,0.61132,0.65013,0.63868,0.36116,1.28075,3.41445,1.09499,0.0295335,0.00984449,0.0295335,0.00984449,0.0295335,0.00984449,0.0295335,0.00984449
14,2570.6,1.50734,4.40738,1.23775,0.66385,0.6374,0.63983,0.37174,1.26191,3.41066,1.09339,0.029453,0.00981765,0.029453,0.00981765,0.029453,0.00981765,0.029453,0.00981765
15,2748.01,1.49944,4.37187,1.23506,0.62899,0.6765,0.64016,0.36661,1.21309,3.36304,1.07348,0.0293662,0.00978873,0.0293662,0.00978873,0.0293662,0.00978873,0.0293662,0.00978873
16,2927.19,1.49265,4.29565,1.23635,0.65594,0.67449,0.66191,0.38733,1.2134,3.1557,1.06988,0.0292732,0.00975773,0.0292732,0.00975773,0.0292732,0.00975773,0.0292732,0.00975773
17,3114.46,1.48176,4.18482,1.22937,0.56193,0.67467,0.64031,0.39634,1.16799,3.12464,1.06799,0.029174,0.00972466,0.029174,0.00972466,0.029174,0.00972466,0.029174,0.00972466
18,3306.47,1.47094,4.11481,1.21836,0.65164,0.67243,0.68018,0.40448,1.16173,3.04005,1.05059,0.0290686,0.00968955,0.0290686,0.00968955,0.0290686,0.00968955,0.0290686,0.00968955
19,3499.56,1.47124,4.08164,1.21104,0.65249,0.68272,0.68315,0.37719,1.24811,3.09733,1.08956,0.0289572,0.00965239,0.0289572,0.00965239,0.0289572,0.00965239,0.0289572,0.00965239
20,3692.33,1.46434,4.06045,1.21219,0.72667,0.6434,0.68038,0.40769,1.16824,2.93728,1.0587,0.0288397,0.00961322,0.0288397,0.00961322,0.0288397,0.00961322,0.0288397,0.00961322
21,3884.89,1.45913,4.04111,1.20898,0.67477,0.70372,0.65471,0.36897,1.25987,3.01513,1.072,0.0287162,0.00957205,0.0287162,0.00957205,0.0287162,0.00957205,0.0287162,0.00957205
22,4076.3,1.45867,4.0385,1.21379,0.7026,0.66903,0.67339,0.39146,1.23182,3.15681,1.05742,0.0285867,0.00952889,0.0285867,0.00952889,0.0285867,0.00952889,0.0285867,0.00952889
23,4268.48,1.44315,3.95209,1.19848,0.70081,0.65478,0.67622,0.40586,1.20762,3.03853,1.05323,0.0284513,0.00948377,0.0284513,0.00948377,0.0284513,0.00948377,0.0284513,0.00948377
24,4439.47,1.4413,3.94185,1.20177,0.68858,0.71209,0.71785,0.43251,1.1851,2.91928,1.05068,0.0283101,0.00943671,0.0283101,0.00943671,0.0283101,0.00943671,0.0283101,0.00943671
25,4609.12,1.43999,3.96331,1.19843,0.75607,0.71065,0.73064,0.45275,1.17133,2.92733,1.04097,0.0281632,0.00938772,0.0281632,0.00938772,0.0281632,0.00938772,0.0281632,0.00938772
26,4777.13,1.42883,3.8897,1.19426,0.73584,0.68955,0.71487,0.42118,1.14534,2.92395,1.03434,0.0280105,0.00933683,0.0280105,0.00933683,0.0280105,0.00933683,0.0280105,0.00933683
27,4947.01,1.42632,3.83704,1.18708,0.73036,0.69471,0.71762,0.42975,1.13456,2.83193,1.03055,0.0278522,0.00928405,0.0278522,0.00928405,0.0278522,0.00928405,0.0278522,0.00928405
28,5115.74,1.43842,3.8385,1.19133,0.68617,0.69282,0.6854,0.41639,1.18755,2.91703,1.03393,0.0276883,0.00922942,0.0276883,0.00922942,0.0276883,0.00922942,0.0276883,0.00922942
29,5281.2,1.43027,3.80728,1.18639,0.73894,0.67119,0.70927,0.4301,1.19745,2.90666,1.0444,0.0275189,0.00917296,0.0275189,0.00917296,0.0275189,0.00917296,0.0275189,0.00917296
30,5447.16,1.41871,3.82068,1.18068,0.7483,0.68977,0.71266,0.42962,1.14704,2.80972,1.02955,0.0273441,0.00911469,0.0273441,0.00911469,0.0273441,0.00911469,0.0273441,0.00911469
31,5617.06,1.42359,3.7798,1.18013,0.69211,0.68894,0.70544,0.43061,1.1868,2.76499,1.05001,0.0271639,0.00905463,0.0271639,0.00905463,0.0271639,0.00905463,0.0271639,0.00905463
32,5784.13,1.41832,3.77937,1.1822,0.8057,0.68728,0.75556,0.46217,1.19106,2.69929,1.04422,0.0269785,0.00899282,0.0269785,0.00899282,0.0269785,0.00899282,0.0269785,0.00899282
33,5947.67,1.40432,3.6986,1.1739,0.6821,0.74652,0.74095,0.43162,1.16141,2.7644,1.03913,0.0267878,0.00892928,0.0267878,0.00892928,0.0267878,0.00892928,0.0267878,0.00892928
34,6110.48,1.40563,3.66557,1.18254,0.74794,0.70346,0.72376,0.42443,1.17571,2.7848,1.03182,0.0265921,0.00886404,0.0265921,0.00886404,0.0265921,0.00886404,0.0265921,0.00886404
35,6273.6,1.39036,3.63692,1.16766,0.69989,0.74425,0.72353,0.42552,1.15523,2.64831,1.02504,0.0263914,0.00879713,0.0263914,0.00879713,0.0263914,0.00879713,0.0263914,0.00879713
36,6436.91,1.40312,3.65594,1.17233,0.77067,0.71115,0.71275,0.44146,1.14925,2.69914,1.02704,0.0261857,0.00872857,0.0261857,0.00872857,0.0261857,0.00872857,0.0261857,0.00872857
37,6600.1,1.39194,3.62082,1.16768,0.73492,0.74143,0.73507,0.44793,1.10763,2.65082,1.00433,0.0259752,0.00865839,0.0259752,0.00865839,0.0259752,0.00865839,0.0259752,0.00865839
38,6763.33,1.39827,3.61891,1.16757,0.81914,0.70179,0.74599,0.47018,1.11435,2.72373,1.01272,0.0257599,0.00858664,0.0257599,0.00858664,0.0257599,0.00858664,0.0257599,0.00858664
39,6926.96,1.39745,3.62484,1.16405,0.76418,0.70431,0.72762,0.45664,1.11526,2.7194,1.01852,0.02554,0.00851333,0.02554,0.00851333,0.02554,0.00851333,0.02554,0.00851333
40,7090.19,1.37007,3.54043,1.15928,0.78254,0.72084,0.73963,0.46359,1.14019,2.6098,1.02672,0.0253155,0.00843851,0.0253155,0.00843851,0.0253155,0.00843851,0.0253155,0.00843851
41,7253.32,1.38192,3.58833,1.16432,0.76389,0.77276,0.76931,0.46371,1.12035,2.81307,1.01172,0.0250866,0.0083622,0.0250866,0.0083622,0.0250866,0.0083622,0.0250866,0.0083622
42,7416.99,1.38351,3.53738,1.15937,0.76803,0.74731,0.75578,0.45651,1.11272,2.65511,1.00544,0.0248533,0.00828443,0.0248533,0.00828443,0.0248533,0.00828443,0.0248533,0.00828443
43,7580.45,1.36556,3.4739,1.15477,0.7772,0.72917,0.75285,0.46969,1.10727,2.65034,1.00999,0.0246157,0.00820525,0.0246157,0.00820525,0.0246157,0.00820525,0.0246157,0.00820525
44,7743.84,1.37068,3.48466,1.15028,0.77816,0.7117,0.73058,0.43995,1.12161,2.67192,1.01762,0.024374,0.00812468,0.024374,0.00812468,0.024374,0.00812468,0.024374,0.00812468
45,7907.17,1.38289,3.52229,1.15849,0.74094,0.73934,0.71817,0.42966,1.1131,2.669,1.00739,0.0241283,0.00804277,0.0241283,0.00804277,0.0241283,0.00804277,0.0241283,0.00804277
46,8070.46,1.37786,3.48571,1.158,0.74487,0.72755,0.73188,0.45151,1.13262,2.71461,1.00535,0.0238786,0.00795954,0.0238786,0.00795954,0.0238786,0.00795954,0.0238786,0.00795954
47,8233.97,1.35347,3.43494,1.14184,0.75849,0.73628,0.74773,0.47114,1.12026,2.66446,0.99957,0.0236251,0.00787503,0.0236251,0.00787503,0.0236251,0.00787503,0.0236251,0.00787503
48,8397.36,1.36382,3.42885,1.15045,0.82516,0.72464,0.7642,0.47715,1.12144,2.61101,1.00929,0.0233679,0.00778929,0.0233679,0.00778929,0.0233679,0.00778929,0.0233679,0.00778929
49,8560.87,1.3613,3.42877,1.14915,0.77095,0.7266,0.74213,0.45676,1.11188,2.56354,1.00197,0.023107,0.00770234,0.023107,0.00770234,0.023107,0.00770234,0.023107,0.00770234
50,8724.07,1.3477,3.39106,1.14392,0.77024,0.73909,0.72072,0.45724,1.11298,2.66882,1.00987,0.0228427,0.00761423,0.0228427,0.00761423,0.0228427,0.00761423,0.0228427,0.00761423
51,8887.28,1.3579,3.41754,1.14595,0.75833,0.74745,0.74608,0.47288,1.10999,2.5964,1.00368,0.022575,0.007525,0.022575,0.007525,0.022575,0.007525,0.022575,0.007525
52,9050.35,1.36045,3.4608,1.14903,0.79932,0.73035,0.74982,0.46729,1.08563,2.56193,0.99023,0.022304,0.00743468,0.022304,0.00743468,0.022304,0.00743468,0.022304,0.00743468
53,9213.57,1.35014,3.40379,1.14383,0.78836,0.74164,0.76567,0.49859,1.05788,2.52787,0.98362,0.0220299,0.00734332,0.0220299,0.00734332,0.0220299,0.00734332,0.0220299,0.00734332
54,9376.87,1.36016,3.38139,1.14964,0.79125,0.71823,0.74349,0.46607,1.07201,2.63771,0.98726,0.0217528,0.00725094,0.0217528,0.00725094,0.0217528,0.00725094,0.0217528,0.00725094
55,9540.15,1.345,3.28872,1.14205,0.78237,0.73482,0.7472,0.46628,1.1032,2.66936,0.99819,0.0214728,0.00715761,0.0214728,0.00715761,0.0214728,0.00715761,0.0214728,0.00715761
56,9703.25,1.34114,3.26774,1.13752,0.70877,0.74165,0.73842,0.46133,1.07447,2.61741,0.98515,0.02119,0.00706335,0.02119,0.00706335,0.02119,0.00706335,0.02119,0.00706335
57,9866.35,1.32918,3.29309,1.13802,0.77024,0.75892,0.75498,0.49477,1.06281,2.54756,0.98538,0.0209046,0.0069682,0.0209046,0.0069682,0.0209046,0.0069682,0.0209046,0.0069682
58,10029.6,1.34097,3.30884,1.14232,0.7587,0.72739,0.73592,0.46809,1.0609,2.64091,0.985,0.0206166,0.00687222,0.0206166,0.00687222,0.0206166,0.00687222,0.0206166,0.00687222
59,10193.1,1.33074,3.26364,1.13563,0.778,0.76273,0.75478,0.4738,1.0945,2.49948,0.98854,0.0203263,0.00677543,0.0203263,0.00677543,0.0203263,0.00677543,0.0203263,0.00677543
60,10356.4,1.32665,3.22208,1.13876,0.78268,0.72759,0.74965,0.48152,1.07758,2.56904,0.98961,0.0200337,0.00667789,0.0200337,0.00667789,0.0200337,0.00667789,0.0200337,0.00667789
61,10519.5,1.3191,3.24321,1.12793,0.80025,0.73161,0.74607,0.4905,1.05285,2.52438,0.98096,0.0197389,0.00657963,0.0197389,0.00657963,0.0197389,0.00657963,0.0197389,0.00657963
62,10682.8,1.31436,3.20955,1.12637,0.78019,0.72811,0.7395,0.49431,1.02855,2.5456,0.97326,0.0194421,0.00648071,0.0194421,0.00648071,0.0194421,0.00648071,0.0194421,0.00648071
63,10846,1.31315,3.23101,1.12731,0.80716,0.72321,0.73531,0.47678,1.05585,2.54185,0.98386,0.0191435,0.00638115,0.0191435,0.00638115,0.0191435,0.00638115,0.0191435,0.00638115
64,11009.2,1.32093,3.21049,1.13062,0.80556,0.71872,0.74342,0.48693,1.04446,2.46756,0.97308,0.018843,0.00628101,0.018843,0.00628101,0.018843,0.00628101,0.018843,0.00628101
65,11172.2,1.32641,3.19518,1.13043,0.83816,0.71876,0.75199,0.4958,1.03246,2.49817,0.97517,0.018541,0.00618034,0.018541,0.00618034,0.018541,0.00618034,0.018541,0.00618034
66,11335.2,1.3272,3.19076,1.13146,0.83786,0.73439,0.76191,0.48471,1.07192,2.4787,0.98109,0.0182375,0.00607916,0.0182375,0.00607916,0.0182375,0.00607916,0.0182375,0.00607916
67,11498.5,1.31127,3.13266,1.11782,0.82394,0.74035,0.76917,0.50767,1.03713,2.48644,0.97344,0.0179326,0.00597754,0.0179326,0.00597754,0.0179326,0.00597754,0.0179326,0.00597754
68,11661.7,1.31806,3.18952,1.12952,0.79437,0.73323,0.74779,0.48831,1.04977,2.50256,0.97791,0.0176265,0.00587551,0.0176265,0.00587551,0.0176265,0.00587551,0.0176265,0.00587551
69,11824.7,1.3159,3.18118,1.12826,0.80812,0.7388,0.7557,0.49303,1.04315,2.50076,0.97569,0.0173193,0.00577311,0.0173193,0.00577311,0.0173193,0.00577311,0.0173193,0.00577311
70,11987.6,1.31168,3.14945,1.12263,0.8129,0.7243,0.75391,0.4873,1.04934,2.51971,0.9747,0.0170112,0.0056704,0.0170112,0.0056704,0.0170112,0.0056704,0.0170112,0.0056704
71,12150.8,1.30959,3.13769,1.12436,0.84518,0.73964,0.75707,0.49274,1.058,2.49862,0.97537,0.0167022,0.00556742,0.0167022,0.00556742,0.0167022,0.00556742,0.0167022,0.00556742
72,12313.6,1.3019,3.11437,1.11729,0.81611,0.74925,0.76448,0.49382,1.06443,2.49337,0.98164,0.0163926,0.00546421,0.0163926,0.00546421,0.0163926,0.00546421,0.0163926,0.00546421
73,12476.5,1.30182,3.09268,1.11845,0.80331,0.73444,0.76478,0.4911,1.06252,2.49643,0.97967,0.0160824,0.00536081,0.0160824,0.00536081,0.0160824,0.00536081,0.0160824,0.00536081
74,12639.3,1.30169,3.12508,1.12046,0.81076,0.73496,0.75583,0.50041,1.0419,2.50657,0.97453,0.0157719,0.00525728,0.0157719,0.00525728,0.0157719,0.00525728,0.0157719,0.00525728
75,12802.3,1.30829,3.09379,1.12036,0.8291,0.72792,0.76235,0.49864,1.03545,2.48322,0.97,0.015461,0.00515366,0.015461,0.00515366,0.015461,0.00515366,0.015461,0.00515366
76,12965.1,1.30742,3.07439,1.1157,0.80157,0.75058,0.75383,0.49056,1.03431,2.5028,0.97468,0.01515,0.00505,0.01515,0.00505,0.01515,0.00505,0.01515,0.00505
77,13128.1,1.29946,3.07652,1.11689,0.81601,0.71788,0.73577,0.48641,1.04813,2.56006,0.97644,0.014839,0.00494634,0.014839,0.00494634,0.014839,0.00494634,0.014839,0.00494634
78,13291,1.29852,3.07204,1.11911,0.81192,0.73242,0.75594,0.50271,1.04066,2.54821,0.97542,0.0145281,0.00484272,0.0145281,0.00484272,0.0145281,0.00484272,0.0145281,0.00484272
79,13453.9,1.28349,3.02684,1.10354,0.79958,0.7557,0.75252,0.50513,1.03366,2.48387,0.97154,0.0142176,0.00473919,0.0142176,0.00473919,0.0142176,0.00473919,0.0142176,0.00473919
80,13616.8,1.28171,3.02624,1.10924,0.84049,0.694,0.73993,0.49981,1.0326,2.50218,0.97078,0.0139074,0.00463579,0.0139074,0.00463579,0.0139074,0.00463579,0.0139074,0.00463579
81,13779.7,1.29189,3.04158,1.11324,0.84519,0.72909,0.75235,0.49513,1.02566,2.4533,0.9691,0.0135978,0.00453258,0.0135978,0.00453258,0.0135978,0.00453258,0.0135978,0.00453258
82,13942.6,1.28056,3.01725,1.10361,0.83298,0.73109,0.7609,0.50595,1.01424,2.4512,0.96664,0.0132888,0.0044296,0.0132888,0.0044296,0.0132888,0.0044296,0.0132888,0.0044296
83,14105.6,1.27864,2.99637,1.10935,0.84795,0.72049,0.76016,0.51089,1.01187,2.45958,0.96544,0.0129807,0.00432689,0.0129807,0.00432689,0.0129807,0.00432689,0.0129807,0.00432689
84,14268.7,1.27439,2.95548,1.10829,0.84935,0.7148,0.7595,0.50475,1.02606,2.46644,0.97175,0.0126735,0.00422449,0.0126735,0.00422449,0.0126735,0.00422449,0.0126735,0.00422449
85,14431.7,1.28315,2.99375,1.10687,0.81551,0.72755,0.76231,0.50519,1.03108,2.48361,0.97362,0.0123674,0.00412246,0.0123674,0.00412246,0.0123674,0.00412246,0.0123674,0.00412246
86,14594.6,1.27343,2.9597,1.1061,0.80928,0.72254,0.74846,0.50531,1.01645,2.49164,0.96713,0.0120625,0.00402084,0.0120625,0.00402084,0.0120625,0.00402084,0.0120625,0.00402084
87,14757.7,1.27906,2.96291,1.10199,0.79751,0.74166,0.75612,0.50854,1.00719,2.48253,0.96427,0.011759,0.00391966,0.011759,0.00391966,0.011759,0.00391966,0.011759,0.00391966
88,14920.5,1.26892,2.99679,1.10261,0.82322,0.7001,0.7504,0.50053,1.00889,2.50119,0.96418,0.011457,0.00381899,0.011457,0.00381899,0.011457,0.00381899,0.011457,0.00381899
89,15083.4,1.26303,2.89871,1.09762,0.82105,0.69621,0.7405,0.50106,1.01123,2.59082,0.9673,0.0111565,0.00371885,0.0111565,0.00371885,0.0111565,0.00371885,0.0111565,0.00371885
90,15246.3,1.24647,2.89048,1.09526,0.81719,0.705,0.74527,0.50619,1.00477,2.57562,0.96368,0.0108579,0.00361929,0.0108579,0.00361929,0.0108579,0.00361929,0.0108579,0.00361929
91,15409.4,1.24979,2.89404,1.0935,0.82515,0.71481,0.74898,0.50797,1.00656,2.57388,0.96446,0.0105611,0.00352037,0.0105611,0.00352037,0.0105611,0.00352037,0.0105611,0.00352037
92,15572.6,1.25397,2.88556,1.09198,0.81385,0.6944,0.75433,0.50783,1.00642,2.59311,0.96136,0.0102663,0.00342211,0.0102663,0.00342211,0.0102663,0.00342211,0.0102663,0.00342211
93,15736.9,1.25011,2.8749,1.09363,0.81702,0.70263,0.75105,0.5096,0.99994,2.57738,0.96026,0.00997371,0.00332457,0.00997371,0.00332457,0.00997371,0.00332457,0.00997371,0.00332457
94,15899.7,1.25072,2.85569,1.09199,0.78586,0.69833,0.73481,0.50991,0.99819,2.54753,0.96123,0.00968335,0.00322778,0.00968335,0.00322778,0.00968335,0.00322778,0.00968335,0.00322778
95,16062.8,1.24388,2.81048,1.0871,0.82701,0.69996,0.7424,0.50809,0.99546,2.54038,0.96177,0.00939539,0.0031318,0.00939539,0.0031318,0.00939539,0.0031318,0.00939539,0.0031318
96,16225.7,1.23413,2.82507,1.08738,0.78705,0.69588,0.72824,0.50292,0.99098,2.55394,0.9611,0.00910996,0.00303665,0.00910996,0.00303665,0.00910996,0.00303665,0.00910996,0.00303665
97,16388.6,1.2368,2.82044,1.08711,0.78291,0.73536,0.73887,0.51106,0.98975,2.58291,0.95876,0.00882718,0.00294239,0.00882718,0.00294239,0.00882718,0.00294239,0.00882718,0.00294239
98,16551.7,1.23982,2.80213,1.08612,0.74915,0.74255,0.74338,0.51195,0.99379,2.58375,0.95745,0.00854717,0.00284906,0.00854717,0.00284906,0.00854717,0.00284906,0.00854717,0.00284906
99,16714.7,1.22969,2.7658,1.08145,0.80422,0.73854,0.74656,0.51481,0.98932,2.56676,0.95512,0.00827005,0.00275668,0.00827005,0.00275668,0.00827005,0.00275668,0.00827005,0.00275668
100,16877.6,1.22408,2.75068,1.08105,0.8254,0.72438,0.74707,0.51431,0.98497,2.5806,0.95452,0.00799596,0.00266532,0.00799596,0.00266532,0.00799596,0.00266532,0.00799596,0.00266532
101,17040.9,1.23384,2.77628,1.08373,0.83723,0.70268,0.74506,0.50911,0.98462,2.58416,0.95565,0.007725,0.002575,0.007725,0.002575,0.007725,0.002575,0.007725,0.002575
102,17204.2,1.24351,2.79458,1.08849,0.8245,0.70942,0.74905,0.51193,0.9834,2.56865,0.95529,0.0074573,0.00248577,0.0074573,0.00248577,0.0074573,0.00248577,0.0074573,0.00248577
103,17366.8,1.24338,2.81224,1.08921,0.77764,0.73603,0.73411,0.50813,0.97924,2.54484,0.95154,0.00719297,0.00239766,0.00719297,0.00239766,0.00719297,0.00239766,0.00719297,0.00239766
104,17531.7,1.22628,2.75359,1.08046,0.80238,0.72387,0.74827,0.51118,0.97532,2.55404,0.9495,0.00693214,0.00231071,0.00693214,0.00231071,0.00693214,0.00231071,0.00693214,0.00231071
105,17696.6,1.23606,2.7966,1.08708,0.81868,0.70705,0.74552,0.51271,0.97751,2.57375,0.95125,0.0066749,0.00222497,0.0066749,0.00222497,0.0066749,0.00222497,0.0066749,0.00222497
106,17860.5,1.2268,2.76246,1.08402,0.82108,0.70985,0.74614,0.51185,0.9772,2.59027,0.95277,0.00642139,0.00214046,0.00642139,0.00214046,0.00642139,0.00214046,0.00642139,0.00214046
107,18024.8,1.2239,2.72758,1.07897,0.81471,0.71256,0.75189,0.51771,0.97537,2.58943,0.95228,0.0061717,0.00205723,0.0061717,0.00205723,0.0061717,0.00205723,0.0061717,0.00205723
108,18187.9,1.22173,2.73815,1.07781,0.83334,0.68686,0.74671,0.51694,0.97283,2.60554,0.95107,0.00592596,0.00197532,0.00592596,0.00197532,0.00592596,0.00197532,0.00592596,0.00197532
109,18351,1.21209,2.68448,1.0734,0.83209,0.68202,0.74832,0.5184,0.9717,2.62163,0.95055,0.00568425,0.00189475,0.00568425,0.00189475,0.00568425,0.00189475,0.00568425,0.00189475
110,18514.6,1.20341,2.71212,1.07211,0.82257,0.68877,0.74606,0.51606,0.97261,2.6162,0.9515,0.0054467,0.00181557,0.0054467,0.00181557,0.0054467,0.00181557,0.0054467,0.00181557
111,18678.7,1.21251,2.68348,1.07451,0.81812,0.69486,0.74657,0.51697,0.97289,2.60743,0.95109,0.00521341,0.0017378,0.00521341,0.0017378,0.00521341,0.0017378,0.00521341,0.0017378
112,18842.9,1.20359,2.65544,1.07046,0.82568,0.69251,0.74599,0.51754,0.97091,2.60792,0.9504,0.00498448,0.00166149,0.00498448,0.00166149,0.00498448,0.00166149,0.00498448,0.00166149
113,19007.2,1.1959,2.65671,1.0656,0.78032,0.70658,0.74404,0.51897,0.96829,2.6,0.94983,0.00476,0.00158667,0.00476,0.00158667,0.00476,0.00158667,0.00476,0.00158667
114,19171.5,1.2082,2.69364,1.07375,0.78492,0.71954,0.74753,0.5211,0.96903,2.60928,0.94959,0.00454008,0.00151336,0.00454008,0.00151336,0.00454008,0.00151336,0.00454008,0.00151336
115,19335.8,1.18281,2.58251,1.0658,0.78247,0.71735,0.74839,0.52086,0.96813,2.60266,0.94948,0.00432482,0.00144161,0.00432482,0.00144161,0.00432482,0.00144161,0.00432482,0.00144161
116,19498.7,1.19937,2.65296,1.06907,0.76672,0.7324,0.75128,0.52248,0.96596,2.60015,0.94858,0.0041143,0.00137143,0.0041143,0.00137143,0.0041143,0.00137143,0.0041143,0.00137143
117,19661.4,1.19067,2.60741,1.06813,0.77181,0.73818,0.75067,0.52317,0.96482,2.60623,0.94868,0.00390862,0.00130287,0.00390862,0.00130287,0.00390862,0.00130287,0.00390862,0.00130287
118,19823.6,1.1992,2.64164,1.07195,0.79502,0.7096,0.75205,0.52768,0.96646,2.60879,0.94962,0.00370788,0.00123596,0.00370788,0.00123596,0.00370788,0.00123596,0.00370788,0.00123596
119,19986,1.19518,2.61928,1.069,0.76463,0.75606,0.75622,0.53215,0.96387,2.60921,0.94828,0.00351215,0.00117072,0.00351215,0.00117072,0.00351215,0.00117072,0.00351215,0.00117072
120,20149,1.18211,2.61227,1.06342,0.7639,0.75615,0.75932,0.53619,0.96218,2.60801,0.94843,0.00332153,0.00110718,0.00332153,0.00110718,0.00332153,0.00110718,0.00332153,0.00110718
121,20313.4,1.18865,2.61787,1.06604,0.76698,0.75601,0.75778,0.53759,0.96183,2.5981,0.94827,0.0031361,0.00104537,0.0031361,0.00104537,0.0031361,0.00104537,0.0031361,0.00104537
122,20478.8,1.19402,2.58765,1.07127,0.76717,0.75458,0.75594,0.53512,0.9602,2.59991,0.94928,0.00295593,0.000985311,0.00295593,0.000985311,0.00295593,0.000985311,0.00295593,0.000985311
123,20643,1.18113,2.60261,1.06527,0.77678,0.75331,0.75664,0.53416,0.95811,2.60303,0.94806,0.00278112,0.00092704,0.00278112,0.00092704,0.00278112,0.00092704,0.00278112,0.00092704
124,20806.7,1.18252,2.57378,1.06545,0.77786,0.75672,0.75585,0.53347,0.95711,2.59976,0.94894,0.00261173,0.000870577,0.00261173,0.000870577,0.00261173,0.000870577,0.00261173,0.000870577
125,20972.4,1.17451,2.54438,1.06018,0.76276,0.75772,0.75365,0.53267,0.95414,2.59706,0.94796,0.00244784,0.000815947,0.00244784,0.000815947,0.00244784,0.000815947,0.00244784,0.000815947
126,21138.2,1.18176,2.56072,1.06436,0.75819,0.76004,0.7519,0.53123,0.95459,2.59848,0.94802,0.00228952,0.000763174,0.00228952,0.000763174,0.00228952,0.000763174,0.00228952,0.000763174
127,21304.5,1.17358,2.56051,1.05981,0.76106,0.75971,0.74954,0.52832,0.95372,2.6004,0.94767,0.00213685,0.000712282,0.00213685,0.000712282,0.00213685,0.000712282,0.00213685,0.000712282
128,21472.2,1.17955,2.57578,1.05729,0.75999,0.75975,0.74963,0.52788,0.95342,2.60626,0.94726,0.00198988,0.000663292,0.00198988,0.000663292,0.00198988,0.000663292,0.00198988,0.000663292
129,21637.7,1.17978,2.57185,1.05988,0.75767,0.75934,0.74927,0.52743,0.95362,2.6065,0.94759,0.00184868,0.000616227,0.00184868,0.000616227,0.00184868,0.000616227,0.00184868,0.000616227
130,21801.7,1.17768,2.56944,1.05892,0.75814,0.75998,0.75092,0.52982,0.95366,2.61501,0.94778,0.00171332,0.000571106,0.00171332,0.000571106,0.00171332,0.000571106,0.00171332,0.000571106
131,21966,1.16621,2.55283,1.0555,0.7584,0.76001,0.75101,0.53173,0.95269,2.61932,0.94768,0.00158385,0.00052795,0.00158385,0.00052795,0.00158385,0.00052795,0.00158385,0.00052795
132,22130.1,1.17325,2.54294,1.05812,0.75669,0.76011,0.75154,0.5326,0.9518,2.61509,0.94748,0.00146033,0.000486777,0.00146033,0.000486777,0.00146033,0.000486777,0.00146033,0.000486777
133,22294.2,1.18028,2.55558,1.06106,0.75774,0.76079,0.75138,0.53253,0.95195,2.6199,0.9476,0.00134282,0.000447606,0.00134282,0.000447606,0.00134282,0.000447606,0.00134282,0.000447606
134,22459.7,1.16045,2.4939,1.05165,0.75905,0.76079,0.75161,0.53323,0.95026,2.62941,0.94726,0.00123136,0.000410454,0.00123136,0.000410454,0.00123136,0.000410454,0.00123136,0.000410454
135,22627.4,1.16565,2.52035,1.05475,0.76239,0.76021,0.7527,0.53397,0.94978,2.63162,0.94726,0.00112601,0.000375337,0.00112601,0.000375337,0.00112601,0.000375337,0.00112601,0.000375337
136,22794.9,1.16867,2.52292,1.05688,0.76162,0.76041,0.75268,0.5336,0.94897,2.62891,0.94675,0.00102681,0.00034227,0.00102681,0.00034227,0.00102681,0.00034227,0.00102681,0.00034227
137,22960.8,1.16532,2.50074,1.05936,0.7625,0.75943,0.75294,0.53572,0.94868,2.63164,0.94707,0.000933805,0.000311268,0.000933805,0.000311268,0.000933805,0.000311268,0.000933805,0.000311268
138,23123.7,1.15338,2.49366,1.05361,0.76528,0.7589,0.75281,0.53521,0.94876,2.62817,0.94706,0.000847036,0.000282345,0.000847036,0.000282345,0.000847036,0.000282345,0.000847036,0.000282345
139,23286.7,1.16733,2.53453,1.05703,0.76519,0.75828,0.75299,0.53383,0.94857,2.62576,0.94699,0.00076654,0.000255513,0.00076654,0.000255513,0.00076654,0.000255513,0.00076654,0.000255513
140,23449.5,1.15501,2.50447,1.05119,0.76079,0.75801,0.75287,0.53124,0.94858,2.62898,0.94703,0.000692353,0.000230784,0.000692353,0.000230784,0.000692353,0.000230784,0.000692353,0.000230784
141,23612.2,1.12759,2.18659,1.05583,0.76203,0.75836,0.75211,0.53152,0.94889,2.63606,0.94742,0.000624508,0.000208169,0.000624508,0.000208169,0.000624508,0.000208169,0.000624508,0.000208169
142,23774.3,1.1178,2.12904,1.04242,0.76188,0.75768,0.75206,0.53147,0.95016,2.63813,0.94809,0.000563034,0.000187678,0.000563034,0.000187678,0.000563034,0.000187678,0.000563034,0.000187678
143,23936.6,1.1144,2.15304,1.04473,0.75941,0.75726,0.75218,0.53103,0.95134,2.64046,0.94881,0.000507959,0.00016932,0.000507959,0.00016932,0.000507959,0.00016932,0.000507959,0.00016932
144,24098.7,1.11655,2.13538,1.05073,0.75875,0.75598,0.75176,0.5312,0.9515,2.64451,0.94926,0.000459306,0.000153102,0.000459306,0.000153102,0.000459306,0.000153102,0.000459306,0.000153102
145,24260.9,1.1009,2.12418,1.03633,0.7613,0.75611,0.75075,0.5296,0.95288,2.65003,0.94994,0.000417097,0.000139032,0.000417097,0.000139032,0.000417097,0.000139032,0.000417097,0.000139032
146,24426.1,1.09939,2.08959,1.03797,0.76029,0.75489,0.75079,0.52923,0.95366,2.6525,0.95043,0.00038135,0.000127117,0.00038135,0.000127117,0.00038135,0.000127117,0.00038135,0.000127117
147,24593.3,1.1008,2.10595,1.03732,0.75988,0.75474,0.75086,0.5289,0.95446,2.6554,0.95085,0.000352081,0.00011736,0.000352081,0.00011736,0.000352081,0.00011736,0.000352081,0.00011736
148,24759.6,1.11012,2.09828,1.04134,0.75992,0.75463,0.75247,0.53126,0.95535,2.65932,0.9513,0.000329303,0.000109768,0.000329303,0.000109768,0.000329303,0.000109768,0.000329303,0.000109768
149,24928.8,1.09945,2.0754,1.04056,0.75933,0.75358,0.75206,0.53119,0.95548,2.66087,0.95128,0.000313026,0.000104342,0.000313026,0.000104342,0.000313026,0.000104342,0.000313026,0.000104342
150,25099.3,1.10041,2.09725,1.03788,0.75711,0.75332,0.75188,0.53075,0.95575,2.6646,0.95164,0.000303257,0.000101086,0.000303257,0.000101086,0.000303257,0.000101086,0.000303257,0.000101086
